{"stats":{"minecraft:used":{"minecraft:beetroot":17,"minecraft:jack_o_lantern":23,"minecraft:writable_book":57,"minecraft:melon":2,"minecraft:poppy":1,"minecraft:oak_sign":21,"minecraft:chest":16,"minecraft:stone":127,"minecraft:iron_sword":420,"minecraft:rotten_flesh":44,"minecraft:milk_bucket":1,"minecraft:obsidian":10,"minecraft:glass":2,"minecraft:lava_bucket":2,"minecraft:bricks":142,"minecraft:lime_banner":12,"minecraft:lantern":2,"minecraft:grass_block":36,"minecraft:birch_sapling":1,"minecraft:quartz_block":15,"minecraft:stone_bricks":98,"minecraft:item_frame":3,"minecraft:red_carpet":20,"minecraft:written_book":1,"minecraft:oak_sapling":7,"minecraft:furnace":8,"minecraft:cooked_cod":1,"minecraft:beetroot_seeds":36,"minecraft:egg":13,"minecraft:potato":252,"minecraft:dark_oak_stairs":7,"minecraft:diorite":9,"minecraft:cow_spawn_egg":1,"minecraft:brick_wall":16,"minecraft:stone_pickaxe":526,"minecraft:oak_planks":454,"minecraft:cactus":1,"minecraft:wooden_pickaxe":59,"minecraft:composter":2,"minecraft:sugar_cane":10,"minecraft:dark_oak_trapdoor":2,"minecraft:sand":6,"minecraft:loom":2,"minecraft:mushroom_stew":1,"minecraft:blast_furnace":1,"minecraft:crossbow":60,"minecraft:pumpkin_seeds":5,"minecraft:shears":6,"minecraft:enderman_spawn_egg":1,"minecraft:stone_button":2,"minecraft:melon_slice":38,"minecraft:lime_carpet":42,"minecraft:bread":24,"minecraft:brown_wool":6,"minecraft:lectern":4,"minecraft:iron_door":1,"minecraft:gravel":24,"minecraft:dark_oak_fence":4,"minecraft:smithing_table":1,"minecraft:andesite":22,"minecraft:poisonous_potato":2,"minecraft:oak_boat":2,"minecraft:coarse_dirt":20,"minecraft:bone_meal":29,"minecraft:cobweb":6,"minecraft:oak_fence":35,"minecraft:iron_bars":3,"minecraft:stone_sword":217,"minecraft:flint_and_steel":10,"minecraft:carved_pumpkin":5,"minecraft:tropical_fish":1,"minecraft:cooked_salmon":2,"minecraft:stone_hoe":27,"minecraft:cooked_chicken":2,"minecraft:netherrack":3,"minecraft:oak_door":11,"minecraft:torch":206,"minecraft:dirt":381,"minecraft:anvil":3,"minecraft:white_carpet":27,"minecraft:oak_fence_gate":3,"minecraft:birch_door":17,"minecraft:wooden_axe":56,"minecraft:iron_axe":232,"minecraft:oak_stairs":11,"minecraft:chicken_spawn_egg":1,"minecraft:barrel":6,"minecraft:melon_seeds":4,"minecraft:glowstone":2,"minecraft:minecart":1,"minecraft:cooked_beef":6,"minecraft:pumpkin":20,"minecraft:wheat_seeds":458,"minecraft:cooked_mutton":4,"minecraft:water_bucket":7,"minecraft:iron_ore":1,"minecraft:cobblestone_stairs":31,"minecraft:birch_planks":24,"minecraft:cartography_table":3,"minecraft:fletching_table":1,"minecraft:sheep_spawn_egg":5,"minecraft:stonecutter":1,"minecraft:rail":34,"minecraft:crafting_table":10,"minecraft:oak_slab":6,"minecraft:spider_eye":1,"minecraft:birch_sign":4,"minecraft:campfire":1,"minecraft:white_bed":2,"minecraft:cake":1,"minecraft:smoker":3,"minecraft:oak_log":45,"minecraft:wooden_hoe":57,"minecraft:diamond_pickaxe":49,"minecraft:apple":8,"minecraft:chicken":1,"minecraft:iron_pickaxe":1364,"minecraft:pig_spawn_egg":1,"minecraft:fishing_rod":8,"minecraft:cobblestone":245,"minecraft:porkchop":3,"minecraft:white_banner":36,"minecraft:cooked_porkchop":43,"minecraft:bucket":10,"minecraft:glass_pane":9,"minecraft:pumpkin_pie":9},"minecraft:killed_by":{"minecraft:cave_spider":1,"minecraft:skeleton":3},"minecraft:broken":{"minecraft:stone_pickaxe":4,"minecraft:iron_sword":1,"minecraft:wooden_axe":1,"minecraft:stone_sword":2,"minecraft:wooden_pickaxe":1,"minecraft:iron_pickaxe":5},"minecraft:mined":{"minecraft:white_bed":1,"minecraft:farmland":2,"minecraft:cobblestone_stairs":1,"minecraft:carved_pumpkin":21,"minecraft:obsidian":11,"minecraft:granite":17,"minecraft:lime_banner":2,"minecraft:grass_block":138,"minecraft:brown_wool":5,"minecraft:composter":1,"minecraft:oak_wall_sign":5,"minecraft:spawner":2,"minecraft:glowstone":22,"minecraft:iron_ore":199,"minecraft:barrel":2,"minecraft:pumpkin":89,"minecraft:anvil":2,"minecraft:dark_oak_stairs":2,"minecraft:oak_stairs":7,"minecraft:white_banner":9,"minecraft:brown_mushroom":4,"minecraft:quartz_block":1,"minecraft:kelp_plant":63,"minecraft:smoker":2,"minecraft:torch":5,"minecraft:poppy":10,"minecraft:melon":57,"minecraft:chest":7,"minecraft:glass":2,"minecraft:nether_quartz_ore":31,"minecraft:cobblestone":26,"minecraft:sugar_cane":69,"minecraft:oak_planks":210,"minecraft:wall_torch":20,"minecraft:seagrass":2,"minecraft:birch_log":26,"minecraft:wheat":417,"minecraft:pumpkin_stem":2,"minecraft:grass":238,"minecraft:oak_log":228,"minecraft:beetroots":28,"minecraft:oak_fence_gate":1,"minecraft:loom":1,"minecraft:sand":37,"minecraft:dirt":369,"minecraft:netherrack":16,"minecraft:oak_leaves":232,"minecraft:diamond_ore":2,"minecraft:red_carpet":1,"minecraft:jack_o_lantern":6,"minecraft:dark_oak_fence":2,"minecraft:cartography_table":2,"minecraft:red_mushroom":4,"minecraft:kelp":13,"minecraft:redstone_ore":20,"minecraft:furnace":4,"minecraft:andesite":99,"minecraft:potatoes":156,"minecraft:lime_wall_banner":3,"minecraft:rail":62,"minecraft:stripped_oak_log":2,"minecraft:stone":1000,"minecraft:oak_slab":2,"minecraft:dandelion":3,"minecraft:oak_fence":20,"minecraft:crafting_table":2,"minecraft:lime_carpet":1,"minecraft:lectern":3,"minecraft:lapis_ore":8,"minecraft:diorite":145,"minecraft:birch_planks":8,"minecraft:cactus":9,"minecraft:coarse_dirt":14,"minecraft:white_carpet":1,"minecraft:birch_leaves":41,"minecraft:white_wall_banner":19,"minecraft:coal_ore":297,"minecraft:gravel":35,"minecraft:cobweb":66,"minecraft:stone_bricks":2,"minecraft:gold_ore":46},"minecraft:picked_up":{"minecraft:wooden_axe":1,"minecraft:iron_chestplate":4,"minecraft:birch_door":11,"minecraft:wheat":381,"minecraft:anvil":2,"minecraft:lead":6,"minecraft:oak_stairs":7,"minecraft:enchanted_book":2,"minecraft:string":127,"minecraft:oak_sign":7,"minecraft:beetroot":33,"minecraft:bucket":3,"minecraft:red_dye":1,"minecraft:iron_pickaxe":4,"minecraft:melon_slice":362,"minecraft:furnace":4,"minecraft:stick":117,"minecraft:composter":1,"minecraft:oak_fence":46,"minecraft:torch":186,"minecraft:porkchop":3,"minecraft:diorite":164,"minecraft:quartz_block":1,"minecraft:stone_sword":5,"minecraft:lime_carpet":1,"minecraft:cactus":13,"minecraft:rotten_flesh":61,"minecraft:tropical_fish":1,"minecraft:carved_pumpkin":21,"minecraft:obsidian":11,"minecraft:cod":1,"minecraft:cobblestone":1687,"minecraft:birch_log":45,"minecraft:feather":2,"minecraft:cooked_beef":1,"minecraft:andesite":113,"minecraft:brown_wool":7,"minecraft:smoker":2,"minecraft:potato":505,"minecraft:flint":3,"minecraft:lapis_lazuli":86,"minecraft:dirt":761,"minecraft:name_tag":3,"minecraft:bone":60,"minecraft:glass":1,"minecraft:wheat_seeds":949,"minecraft:glowstone_dust":56,"minecraft:stone_hoe":5,"minecraft:oak_planks":271,"minecraft:cooked_porkchop":64,"minecraft:sand":59,"minecraft:poisonous_potato":3,"minecraft:ink_sac":5,"minecraft:loom":1,"minecraft:barrel":2,"minecraft:diamond":2,"minecraft:writable_book":2,"minecraft:granite":18,"minecraft:bone_meal":80,"minecraft:golden_apple":3,"minecraft:bread":68,"minecraft:jack_o_lantern":8,"minecraft:oak_sapling":82,"minecraft:netherrack":15,"minecraft:dark_oak_fence":2,"minecraft:fishing_rod":3,"minecraft:charcoal":10,"minecraft:coarse_dirt":14,"minecraft:crafting_table":2,"minecraft:chicken":4,"minecraft:brown_mushroom":4,"minecraft:wooden_pickaxe":1,"minecraft:iron_axe":3,"minecraft:flint_and_steel":1,"minecraft:white_carpet":2,"minecraft:glass_pane":10,"minecraft:cartography_table":2,"minecraft:detector_rail":8,"minecraft:beef":15,"minecraft:oak_boat":2,"minecraft:minecart":10,"minecraft:poppy":12,"minecraft:lectern":3,"minecraft:sugar_cane":138,"minecraft:chest":15,"minecraft:birch_sapling":7,"minecraft:egg":35,"minecraft:lime_wool":8,"minecraft:oak_door":2,"minecraft:bowl":12,"minecraft:white_dye":1,"minecraft:redstone":91,"minecraft:arrow":90,"minecraft:beetroot_seeds":89,"minecraft:pumpkin_pie":3,"minecraft:shears":5,"minecraft:gold_ingot":27,"minecraft:mutton":8,"minecraft:rail":114,"minecraft:white_wool":53,"minecraft:stripped_oak_log":2,"minecraft:salmon":2,"minecraft:leather":10,"minecraft:red_mushroom":4,"minecraft:filled_map":1,"minecraft:birch_planks":10,"minecraft:oak_log":396,"minecraft:gunpowder":5,"minecraft:cobblestone_stairs":1,"minecraft:wooden_hoe":1,"minecraft:paper":11,"minecraft:white_banner":33,"minecraft:cooked_mutton":2,"minecraft:red_carpet":1,"minecraft:apple":8,"minecraft:stone_bricks":4,"minecraft:kelp":892,"minecraft:cobweb":12,"minecraft:iron_ingot":127,"minecraft:oak_fence_gate":2,"minecraft:stone_pickaxe":1,"minecraft:cooked_chicken":2,"minecraft:iron_ore":212,"minecraft:iron_sword":6,"minecraft:dark_oak_stairs":2,"minecraft:green_dye":3,"minecraft:oak_slab":4,"minecraft:pumpkin":122,"minecraft:quartz":29,"minecraft:dandelion":3,"minecraft:gravel":43,"minecraft:white_bed":1,"minecraft:gold_ore":46,"minecraft:spider_eye":4,"minecraft:lime_banner":5,"minecraft:pumpkin_seeds":68,"minecraft:birch_sign":1,"minecraft:melon_seeds":4,"minecraft:coal":613},"minecraft:crafted":{"minecraft:oak_planks":465,"minecraft:barrel":3,"minecraft:oak_sign":15,"minecraft:melon":1,"minecraft:cooked_chicken":2,"minecraft:loom":1,"minecraft:stone":96,"minecraft:cobblestone_stairs":12,"minecraft:bookshelf":1,"minecraft:cooked_mutton":6,"minecraft:green_dye":6,"minecraft:cake":1,"minecraft:quartz_block":7,"minecraft:glass":8,"minecraft:melon_seeds":4,"minecraft:chest":6,"minecraft:birch_door":6,"minecraft:stone_hoe":1,"minecraft:stone_bricks":96,"minecraft:oak_fence":24,"minecraft:smoker":1,"minecraft:white_banner":6,"minecraft:oak_slab":12,"minecraft:cooked_porkchop":64,"minecraft:crafting_table":8,"minecraft:lime_banner":1,"minecraft:smithing_table":1,"minecraft:clock":1,"minecraft:fletching_table":1,"minecraft:hay_block":2,"minecraft:birch_planks":36,"minecraft:pumpkin_seeds":4,"minecraft:cartography_table":1,"minecraft:lectern":1,"minecraft:diamond_pickaxe":1,"minecraft:wooden_hoe":1,"minecraft:iron_chestplate":1,"minecraft:book":5,"minecraft:paper":30,"minecraft:charcoal":20,"minecraft:yellow_dye":1,"minecraft:purple_dye":6,"minecraft:birch_fence":3,"minecraft:stick":60,"minecraft:iron_ingot":177,"minecraft:iron_pickaxe":6,"minecraft:iron_block":3,"minecraft:stone_sword":2,"minecraft:gold_ingot":95,"minecraft:composter":1,"minecraft:shears":1,"minecraft:oak_door":9,"minecraft:fishing_rod":1,"minecraft:furnace":6,"minecraft:stone_button":2,"minecraft:jack_o_lantern":15,"minecraft:mushroom_stew":1,"minecraft:bone_meal":6,"minecraft:glass_pane":16,"minecraft:flint_and_steel":1,"minecraft:iron_axe":1,"minecraft:lime_dye":8,"minecraft:stone_pickaxe":4,"minecraft:filled_map":1,"minecraft:wheat":18,"minecraft:cooked_beef":9,"minecraft:sugar":17,"minecraft:red_dye":5,"minecraft:cooked_cod":1,"minecraft:iron_sword":2,"minecraft:bowl":4,"minecraft:cooked_salmon":2,"minecraft:leather_helmet":5,"minecraft:bucket":3,"minecraft:glowstone":14,"minecraft:bread":84,"minecraft:blue_dye":4,"minecraft:oak_fence_gate":2,"minecraft:oak_boat":1,"minecraft:white_wool":16,"minecraft:gold_nugget":441,"minecraft:white_dye":6,"minecraft:oak_stairs":4,"minecraft:writable_book":2,"minecraft:anvil":1,"minecraft:stonecutter":1,"minecraft:white_bed":1,"minecraft:pumpkin_pie":15,"minecraft:torch":108},"minecraft:custom":{"minecraft:animals_bred":14,"minecraft:interact_with_crafting_table":164,"minecraft:open_barrel":49,"minecraft:eat_cake_slice":7,"minecraft:leave_game":34,"minecraft:time_since_death":628251,"minecraft:sprint_one_cm":1918912,"minecraft:drop":135,"minecraft:talked_to_villager":6,"minecraft:deaths":5,"minecraft:jump":13684,"minecraft:walk_on_water_one_cm":196568,"minecraft:interact_with_furnace":106,"minecraft:interact_with_cartography_table":16,"minecraft:play_one_minute":1136189,"minecraft:interact_with_loom":27,"minecraft:sleep_in_bed":61,"minecraft:damage_dealt":15083,"minecraft:crouch_one_cm":6337,"minecraft:interact_with_smoker":36,"minecraft:mob_kills":95,"minecraft:walk_one_cm":4014342,"minecraft:sneak_time":2741,"minecraft:walk_under_water_one_cm":179945,"minecraft:boat_one_cm":49881,"minecraft:interact_with_lectern":32,"minecraft:interact_with_blast_furnace":4,"minecraft:time_since_rest":2903,"minecraft:damage_taken":10842,"minecraft:minecart_one_cm":4337,"minecraft:swim_one_cm":716855,"minecraft:fly_one_cm":904417,"minecraft:open_chest":364,"minecraft:fish_caught":1,"minecraft:fall_one_cm":244736},"minecraft:killed":{"minecraft:cave_spider":1,"minecraft:spider":3,"minecraft:skeleton":16,"minecraft:chicken":3,"minecraft:tropical_fish":1,"minecraft:wolf":4,"minecraft:creeper":2,"minecraft:sheep":2,"minecraft:pillager":3,"minecraft:zombie":45,"minecraft:cow":4,"minecraft:squid":1},"minecraft:dropped":{"minecraft:iron_sword":2,"minecraft:birch_planks":2,"minecraft:oak_log":1,"minecraft:cooked_porkchop":1,"minecraft:rail":5,"minecraft:dirt":4,"minecraft:writable_book":1,"minecraft:bone_meal":1,"minecraft:sand":4,"minecraft:birch_log":5,"minecraft:bone":1,"minecraft:sugar_cane":15,"minecraft:wheat":48,"minecraft:rotten_flesh":10,"minecraft:oak_planks":48,"minecraft:salmon":2,"minecraft:chest":2,"minecraft:stone_hoe":1,"minecraft:bread":17,"minecraft:wheat_seeds":1,"minecraft:minecart":1,"minecraft:poisonous_potato":1,"minecraft:cobblestone":16,"minecraft:apple":2,"minecraft:coal":39,"minecraft:golden_apple":1,"minecraft:stick":11,"minecraft:diorite":21,"minecraft:wooden_axe":1,"minecraft:iron_axe":2,"minecraft:paper":6,"minecraft:string":1,"minecraft:kelp":64,"minecraft:stone_sword":1,"minecraft:bowl":1,"minecraft:filled_map":2,"minecraft:andesite":9,"minecraft:spider_eye":2,"minecraft:stone_pickaxe":1,"minecraft:wooden_pickaxe":1}},"DataVersion":1976}